Timestamp,Asset,Price,Status
2026-04-30 22:39:01,BTC/USDT,76330.84,MONITORING
2026-04-30 22:39:04,BTC/USDT,76330.83,MONITORING
2026-04-30 22:39:06,BTC/USDT,76330.83,MONITORING
2026-04-30 22:39:08,BTC/USDT,76330.84,MONITORING
2026-04-30 22:39:10,BTC/USDT,76330.84,MONITORING
2026-04-30 22:39:13,BTC/USDT,76331.11,MONITORING
2026-04-30 22:39:15,BTC/USDT,76331.11,MONITORING
2026-04-30 22:39:18,BTC/USDT,76331.11,MONITORING
2026-04-30 22:39:20,BTC/USDT,76329.87,MONITORING
2026-04-30 22:39:22,BTC/USDT,76329.87,MONITORING
2026-04-30 22:39:24,BTC/USDT,76329.87,MONITORING
2026-04-30 22:39:27,BTC/USDT,76329.86,MONITORING
2026-04-30 22:39:29,BTC/USDT,76329.87,MONITORING
2026-04-30 22:39:31,BTC/USDT,76329.87,MONITORING
2026-04-30 22:39:33,BTC/USDT,76329.87,MONITORING
2026-04-30 22:39:36,BTC/USDT,76329.87,MONITORING
2026-04-30 22:39:38,BTC/USDT,76329.87,MONITORING
2026-04-30 22:39:40,BTC/USDT,76329.87,MONITORING
2026-04-30 22:39:42,BTC/USDT,76329.87,MONITORING
2026-04-30 22:39:45,BTC/USDT,76329.86,MONITORING
2026-04-30 22:39:47,BTC/USDT,76329.86,MONITORING
2026-04-30 22:39:49,BTC/USDT,76329.86,MONITORING
2026-04-30 22:39:51,BTC/USDT,76329.87,MONITORING
2026-04-30 22:39:53,BTC/USDT,76329.87,MONITORING
2026-04-30 22:39:56,BTC/USDT,76318.17,MONITORING
2026-04-30 22:39:58,BTC/USDT,76318.17,MONITORING
2026-04-30 22:40:00,BTC/USDT,76318.16,MONITORING
2026-04-30 22:40:03,BTC/USDT,76316.7,MONITORING
2026-04-30 22:40:05,BTC/USDT,76315.23,MONITORING
2026-04-30 22:40:07,BTC/USDT,76315.22,MONITORING
2026-04-30 22:40:09,BTC/USDT,76315.22,MONITORING
2026-04-30 22:40:12,BTC/USDT,76315.22,MONITORING
2026-04-30 22:40:14,BTC/USDT,76315.21,MONITORING
2026-04-30 22:40:16,BTC/USDT,76315.22,MONITORING
2026-04-30 22:40:19,BTC/USDT,76315.21,MONITORING
2026-04-30 22:40:21,BTC/USDT,76315.21,MONITORING
2026-04-30 22:40:23,BTC/USDT,76315.22,MONITORING
2026-04-30 22:40:25,BTC/USDT,76315.21,MONITORING
2026-04-30 22:40:28,BTC/USDT,76315.21,MONITORING
2026-04-30 22:40:30,BTC/USDT,76315.22,MONITORING
2026-04-30 22:40:32,BTC/USDT,76315.22,MONITORING
2026-04-30 22:40:34,BTC/USDT,76306.42,MONITORING
2026-04-30 22:40:37,BTC/USDT,76306.43,MONITORING
2026-04-30 22:40:39,BTC/USDT,76306.42,MONITORING
2026-04-30 22:40:41,BTC/USDT,76306.42,MONITORING
2026-04-30 22:40:43,BTC/USDT,76306.43,MONITORING
2026-04-30 22:40:46,BTC/USDT,76306.43,MONITORING
2026-04-30 22:40:48,BTC/USDT,76306.43,MONITORING
2026-04-30 22:40:50,BTC/USDT,76306.42,MONITORING
2026-04-30 22:40:52,BTC/USDT,76306.43,MONITORING
2026-04-30 22:40:55,BTC/USDT,76306.43,MONITORING
2026-04-30 22:40:57,BTC/USDT,76306.42,MONITORING
2026-04-30 22:40:59,BTC/USDT,76306.43,MONITORING
2026-04-30 22:41:01,BTC/USDT,76306.42,MONITORING
2026-04-30 22:41:04,BTC/USDT,76306.43,MONITORING
2026-04-30 22:41:06,BTC/USDT,76315.2,MONITORING
2026-04-30 22:41:09,BTC/USDT,76315.21,MONITORING
2026-04-30 22:41:11,BTC/USDT,76315.2,MONITORING
2026-04-30 22:41:13,BTC/USDT,76315.2,MONITORING
2026-04-30 22:41:15,BTC/USDT,76315.2,MONITORING
2026-04-30 22:41:17,BTC/USDT,76315.2,MONITORING
22:51:38,BTC/USDT,76373.16,0.0000%,STABLE
22:51:38,ETH/USDT,2257.0,0.0000%,STABLE
22:51:40,BTC/USDT,76373.15,-0.0000%,STABLE
22:51:41,ETH/USDT,2257.28,0.0124%,!! VOLATILE !!
22:51:43,BTC/USDT,76373.16,0.0000%,STABLE
22:51:43,ETH/USDT,2257.27,-0.0004%,STABLE
22:51:45,BTC/USDT,76373.15,-0.0000%,STABLE
22:51:46,ETH/USDT,2257.27,0.0000%,STABLE
22:51:48,BTC/USDT,76373.16,0.0000%,STABLE
22:51:48,ETH/USDT,2257.27,0.0000%,STABLE
22:51:51,BTC/USDT,76373.15,-0.0000%,STABLE
22:51:51,ETH/USDT,2257.14,-0.0058%,STABLE
22:51:53,BTC/USDT,76352.01,-0.0277%,!! VOLATILE !!
22:51:53,ETH/USDT,2256.6,-0.0239%,!! VOLATILE !!
22:51:56,BTC/USDT,76352.0,-0.0000%,STABLE
22:51:56,ETH/USDT,2256.59,-0.0004%,STABLE
22:51:58,BTC/USDT,76352.0,0.0000%,STABLE
22:51:58,ETH/USDT,2256.59,0.0000%,STABLE
22:52:01,BTC/USDT,76352.01,0.0000%,STABLE
22:52:01,ETH/USDT,2256.6,0.0004%,STABLE
22:52:03,BTC/USDT,76352.0,-0.0000%,STABLE
22:52:04,ETH/USDT,2256.61,0.0004%,STABLE
22:52:06,BTC/USDT,76352.0,0.0000%,STABLE
22:52:06,ETH/USDT,2256.62,0.0004%,STABLE
22:52:08,BTC/USDT,76352.01,0.0000%,STABLE
22:52:09,ETH/USDT,2256.62,0.0000%,STABLE
22:52:11,BTC/USDT,76352.0,-0.0000%,STABLE
22:52:11,ETH/USDT,2256.62,0.0000%,STABLE
22:52:13,BTC/USDT,76352.01,0.0000%,STABLE
22:52:14,ETH/USDT,2256.8,0.0080%,STABLE
22:52:16,BTC/USDT,76352.0,-0.0000%,STABLE
22:52:16,ETH/USDT,2256.8,0.0000%,STABLE
22:52:19,BTC/USDT,76352.01,0.0000%,STABLE
22:52:19,ETH/USDT,2256.8,0.0000%,STABLE
22:52:21,BTC/USDT,76352.01,0.0000%,STABLE
22:52:21,ETH/USDT,2256.8,0.0000%,STABLE
22:52:24,BTC/USDT,76352.01,0.0000%,STABLE
22:52:24,ETH/USDT,2256.79,-0.0004%,STABLE
22:52:26,BTC/USDT,76352.01,0.0000%,STABLE
22:52:26,ETH/USDT,2256.8,0.0004%,STABLE
22:52:29,BTC/USDT,76352.0,-0.0000%,STABLE
22:52:29,ETH/USDT,2256.79,-0.0004%,STABLE
22:52:31,BTC/USDT,76352.0,0.0000%,STABLE
22:52:32,ETH/USDT,2256.79,0.0000%,STABLE
22:52:34,BTC/USDT,76352.01,0.0000%,STABLE
22:52:34,ETH/USDT,2256.79,0.0000%,STABLE
22:52:36,BTC/USDT,76352.01,0.0000%,STABLE
22:52:37,ETH/USDT,2256.79,0.0000%,STABLE
22:52:39,BTC/USDT,76352.0,-0.0000%,STABLE
22:52:39,ETH/USDT,2256.79,0.0000%,STABLE
22:52:41,BTC/USDT,76352.0,0.0000%,STABLE
22:52:42,ETH/USDT,2256.79,0.0000%,STABLE
22:52:44,BTC/USDT,76352.0,0.0000%,STABLE
22:52:44,ETH/USDT,2256.76,-0.0013%,STABLE
22:52:47,BTC/USDT,76352.0,0.0000%,STABLE
22:52:47,ETH/USDT,2256.76,0.0000%,STABLE
22:52:49,BTC/USDT,76352.0,0.0000%,STABLE
22:52:49,ETH/USDT,2256.76,0.0000%,STABLE
22:52:52,BTC/USDT,76352.0,0.0000%,STABLE
22:52:52,ETH/USDT,2256.76,0.0000%,STABLE
22:52:54,BTC/USDT,76352.0,0.0000%,STABLE
22:52:54,ETH/USDT,2256.76,0.0000%,STABLE
22:52:57,BTC/USDT,76352.0,0.0000%,STABLE
22:52:57,ETH/USDT,2256.76,0.0000%,STABLE
22:52:59,BTC/USDT,76352.0,0.0000%,STABLE
22:53:00,ETH/USDT,2256.77,0.0004%,STABLE
22:53:02,BTC/USDT,76352.01,0.0000%,STABLE
22:53:02,ETH/USDT,2256.77,0.0000%,STABLE
22:53:04,BTC/USDT,76352.01,0.0000%,STABLE
22:53:05,ETH/USDT,2256.76,-0.0004%,STABLE
22:53:07,BTC/USDT,76352.01,0.0000%,STABLE
22:53:07,ETH/USDT,2256.76,0.0000%,STABLE
22:53:09,BTC/USDT,76352.01,0.0000%,STABLE
22:53:10,ETH/USDT,2256.76,0.0000%,STABLE
22:53:12,BTC/USDT,76352.01,0.0000%,STABLE
22:53:12,ETH/USDT,2256.76,0.0000%,STABLE
22:53:15,BTC/USDT,76352.0,-0.0000%,STABLE
22:53:15,ETH/USDT,2256.76,0.0000%,STABLE
22:53:17,BTC/USDT,76317.88,-0.0447%,!! VOLATILE !!
22:53:17,ETH/USDT,2255.96,-0.0354%,!! VOLATILE !!
22:53:20,BTC/USDT,76300.68,-0.0225%,!! VOLATILE !!
22:53:20,ETH/USDT,2255.27,-0.0306%,!! VOLATILE !!
22:53:22,BTC/USDT,76300.37,-0.0004%,STABLE
22:53:22,ETH/USDT,2255.27,0.0000%,STABLE
22:53:25,BTC/USDT,76300.37,0.0000%,STABLE
22:53:25,ETH/USDT,2255.26,-0.0004%,STABLE
22:53:27,BTC/USDT,76300.37,0.0000%,STABLE
22:53:28,ETH/USDT,2255.26,0.0000%,STABLE
22:53:30,BTC/USDT,76288.09,-0.0161%,!! VOLATILE !!
22:53:30,ETH/USDT,2254.57,-0.0306%,!! VOLATILE !!
22:53:32,BTC/USDT,76288.08,-0.0000%,STABLE
22:53:33,ETH/USDT,2254.58,0.0004%,STABLE
22:53:35,BTC/USDT,76282.83,-0.0069%,STABLE
22:53:35,ETH/USDT,2254.42,-0.0071%,STABLE
22:53:37,BTC/USDT,76278.22,-0.0060%,STABLE
22:53:38,ETH/USDT,2254.4,-0.0009%,STABLE
22:53:40,BTC/USDT,76276.46,-0.0023%,STABLE
22:53:40,ETH/USDT,2254.35,-0.0022%,STABLE
22:53:43,BTC/USDT,76276.46,0.0000%,STABLE
22:53:43,ETH/USDT,2254.35,0.0000%,STABLE
22:53:45,BTC/USDT,76261.85,-0.0192%,!! VOLATILE !!
22:53:45,ETH/USDT,2254.19,-0.0071%,STABLE
22:53:48,BTC/USDT,76261.86,0.0000%,STABLE
22:53:48,ETH/USDT,2254.12,-0.0031%,STABLE
22:53:50,BTC/USDT,76266.26,0.0058%,STABLE
22:53:50,ETH/USDT,2254.12,0.0000%,STABLE
22:53:53,BTC/USDT,76266.49,0.0003%,STABLE
22:53:53,ETH/USDT,2254.19,0.0031%,STABLE
22:53:55,BTC/USDT,76269.99,0.0046%,STABLE
22:53:56,ETH/USDT,2254.31,0.0053%,STABLE
22:53:58,BTC/USDT,76269.99,0.0000%,STABLE
22:53:58,ETH/USDT,2254.34,0.0013%,STABLE
22:54:00,BTC/USDT,76269.98,-0.0000%,STABLE
22:54:01,ETH/USDT,2254.34,0.0000%,STABLE
22:54:03,BTC/USDT,76269.98,0.0000%,STABLE
22:54:03,ETH/USDT,2254.35,0.0004%,STABLE
22:54:05,BTC/USDT,76269.98,0.0000%,STABLE
22:54:06,ETH/USDT,2254.35,0.0000%,STABLE
22:54:08,BTC/USDT,76269.98,0.0000%,STABLE
22:54:08,ETH/USDT,2254.35,0.0000%,STABLE
22:54:11,BTC/USDT,76269.99,0.0000%,STABLE
22:54:11,ETH/USDT,2254.35,0.0000%,STABLE
22:54:13,BTC/USDT,76269.98,-0.0000%,STABLE
22:54:13,ETH/USDT,2254.35,0.0000%,STABLE
22:54:16,BTC/USDT,76269.99,0.0000%,STABLE
22:54:16,ETH/USDT,2254.34,-0.0004%,STABLE
22:54:18,BTC/USDT,76269.99,0.0000%,STABLE
22:54:18,ETH/USDT,2254.34,0.0000%,STABLE
22:54:21,BTC/USDT,76269.98,-0.0000%,STABLE
22:54:21,ETH/USDT,2254.34,0.0000%,STABLE
22:54:23,BTC/USDT,76269.99,0.0000%,STABLE
22:54:24,ETH/USDT,2254.34,0.0000%,STABLE
22:54:26,BTC/USDT,76269.99,0.0000%,STABLE
22:54:26,ETH/USDT,2254.41,0.0031%,STABLE
22:54:28,BTC/USDT,76269.98,-0.0000%,STABLE
22:54:29,ETH/USDT,2254.41,0.0000%,STABLE
22:54:31,BTC/USDT,76269.99,0.0000%,STABLE
22:54:31,ETH/USDT,2254.41,0.0000%,STABLE
22:54:33,BTC/USDT,76269.99,0.0000%,STABLE
22:54:34,ETH/USDT,2254.42,0.0004%,STABLE
22:54:36,BTC/USDT,76269.98,-0.0000%,STABLE
22:54:36,ETH/USDT,2254.42,0.0000%,STABLE
22:54:39,BTC/USDT,76269.98,0.0000%,STABLE
22:54:39,ETH/USDT,2254.42,0.0000%,STABLE
22:54:41,BTC/USDT,76269.98,0.0000%,STABLE
22:54:41,ETH/USDT,2254.42,0.0000%,STABLE
22:54:44,BTC/USDT,76269.98,0.0000%,STABLE
22:54:44,ETH/USDT,2254.49,0.0031%,STABLE
22:54:46,BTC/USDT,76269.99,0.0000%,STABLE
22:54:46,ETH/USDT,2254.5,0.0004%,STABLE
22:54:49,BTC/USDT,76269.98,-0.0000%,STABLE
22:54:49,ETH/USDT,2254.5,0.0000%,STABLE
22:54:51,BTC/USDT,76269.98,0.0000%,STABLE
22:54:52,ETH/USDT,2254.5,0.0000%,STABLE
22:54:54,BTC/USDT,76269.98,0.0000%,STABLE
22:54:54,ETH/USDT,2254.5,0.0000%,STABLE
22:54:56,BTC/USDT,76269.98,0.0000%,STABLE
22:54:57,ETH/USDT,2254.49,-0.0004%,STABLE
22:54:59,BTC/USDT,76265.01,-0.0065%,STABLE
22:54:59,ETH/USDT,2254.49,0.0000%,STABLE
22:55:01,BTC/USDT,76265.0,-0.0000%,STABLE
22:55:02,ETH/USDT,2254.5,0.0004%,STABLE
22:55:04,BTC/USDT,76265.0,0.0000%,STABLE
22:55:04,ETH/USDT,2254.49,-0.0004%,STABLE
22:55:06,BTC/USDT,76265.0,0.0000%,STABLE
22:55:07,ETH/USDT,2254.5,0.0004%,STABLE
22:55:09,BTC/USDT,76265.0,0.0000%,STABLE
22:55:09,ETH/USDT,2254.5,0.0000%,STABLE
22:55:12,BTC/USDT,76265.0,0.0000%,STABLE
22:55:12,ETH/USDT,2254.49,-0.0004%,STABLE
22:55:14,BTC/USDT,76265.0,0.0000%,STABLE
22:55:14,ETH/USDT,2254.49,0.0000%,STABLE
22:55:17,BTC/USDT,76265.0,0.0000%,STABLE
22:55:17,ETH/USDT,2254.49,0.0000%,STABLE
22:55:19,BTC/USDT,76265.01,0.0000%,STABLE
22:55:19,ETH/USDT,2254.49,0.0000%,STABLE
22:55:22,BTC/USDT,76265.01,0.0000%,STABLE
22:55:23,ETH/USDT,2254.49,0.0000%,STABLE
22:55:25,BTC/USDT,76265.0,-0.0000%,STABLE
22:55:25,ETH/USDT,2254.49,0.0000%,STABLE
22:55:27,BTC/USDT,76265.0,0.0000%,STABLE
22:55:28,ETH/USDT,2254.49,0.0000%,STABLE
22:55:30,BTC/USDT,76267.09,0.0027%,STABLE
22:55:30,ETH/USDT,2254.5,0.0004%,STABLE
22:55:32,BTC/USDT,76267.1,0.0000%,STABLE
22:55:33,ETH/USDT,2254.49,-0.0004%,STABLE
22:55:35,BTC/USDT,76267.11,0.0000%,STABLE
22:55:35,ETH/USDT,2254.5,0.0004%,STABLE
22:55:37,BTC/USDT,76267.1,-0.0000%,STABLE
22:55:38,ETH/USDT,2254.5,0.0000%,STABLE
22:55:40,BTC/USDT,76267.1,0.0000%,STABLE
22:55:40,ETH/USDT,2254.49,-0.0004%,STABLE
22:55:43,BTC/USDT,76267.11,0.0000%,STABLE
22:55:43,ETH/USDT,2254.5,0.0004%,STABLE
22:55:45,BTC/USDT,76267.11,0.0000%,STABLE
22:55:45,ETH/USDT,2254.5,0.0000%,STABLE
22:55:48,BTC/USDT,76267.1,-0.0000%,STABLE
22:55:48,ETH/USDT,2254.5,0.0000%,STABLE
22:55:50,BTC/USDT,76267.1,0.0000%,STABLE
22:55:50,ETH/USDT,2254.5,0.0000%,STABLE
22:55:53,BTC/USDT,76267.11,0.0000%,STABLE
22:55:53,ETH/USDT,2254.49,-0.0004%,STABLE
22:55:55,BTC/USDT,76267.11,0.0000%,STABLE
22:55:56,ETH/USDT,2254.49,0.0000%,STABLE
22:55:58,BTC/USDT,76267.1,-0.0000%,STABLE
22:55:58,ETH/USDT,2254.5,0.0004%,STABLE
22:56:00,BTC/USDT,76267.1,0.0000%,STABLE
22:56:01,ETH/USDT,2254.49,-0.0004%,STABLE
22:56:03,BTC/USDT,76260.21,-0.0090%,STABLE
22:56:03,ETH/USDT,2254.5,0.0004%,STABLE
22:56:05,BTC/USDT,76258.69,-0.0020%,STABLE
22:56:06,ETH/USDT,2254.49,-0.0004%,STABLE
22:56:08,BTC/USDT,76258.69,0.0000%,STABLE
22:56:08,ETH/USDT,2254.49,0.0000%,STABLE
22:56:11,BTC/USDT,76258.7,0.0000%,STABLE
22:56:11,ETH/USDT,2254.43,-0.0027%,STABLE
23:05:21,BTC/USDT,76278.82,0.0000%,STABLE
23:05:21,ETH/USDT,2255.37,0.0000%,STABLE
23:05:23,BTC/USDT,76278.82,0.0000%,STABLE
23:05:24,ETH/USDT,2255.37,0.0000%,STABLE
23:05:26,BTC/USDT,76285.39,0.0086%,!! VOLATILE !!
23:05:26,ETH/USDT,2255.37,0.0000%,STABLE
23:05:28,BTC/USDT,76302.64,0.0226%,!! VOLATILE !!
23:05:29,ETH/USDT,2255.78,0.0182%,!! VOLATILE !!
23:05:31,BTC/USDT,76307.38,0.0062%,!! VOLATILE !!
23:05:31,ETH/USDT,2256.07,0.0129%,!! VOLATILE !!
23:05:33,BTC/USDT,76307.39,0.0000%,STABLE
23:05:34,ETH/USDT,2256.39,0.0142%,!! VOLATILE !!
23:05:36,BTC/USDT,76307.38,-0.0000%,STABLE
23:05:36,ETH/USDT,2256.4,0.0004%,STABLE
23:05:38,BTC/USDT,76307.38,0.0000%,STABLE
23:05:39,ETH/USDT,2256.39,-0.0004%,STABLE
23:05:41,BTC/USDT,76307.39,0.0000%,STABLE
23:05:41,ETH/USDT,2256.39,0.0000%,STABLE
23:05:43,BTC/USDT,76307.39,0.0000%,STABLE
23:05:44,ETH/USDT,2256.39,0.0000%,STABLE
23:05:46,BTC/USDT,76303.91,-0.0046%,STABLE
23:05:46,ETH/USDT,2256.39,0.0000%,STABLE
23:05:48,BTC/USDT,76303.91,0.0000%,STABLE
23:05:49,ETH/USDT,2256.39,0.0000%,STABLE
23:05:51,BTC/USDT,76303.9,-0.0000%,STABLE
23:05:51,ETH/USDT,2256.39,0.0000%,STABLE
23:05:53,BTC/USDT,76303.91,0.0000%,STABLE
23:05:54,ETH/USDT,2256.4,0.0004%,STABLE
23:05:56,BTC/USDT,76303.91,0.0000%,STABLE
23:05:56,ETH/USDT,2256.68,0.0124%,!! VOLATILE !!
23:05:59,BTC/USDT,76303.91,0.0000%,STABLE
23:06:00,ETH/USDT,2256.79,0.0049%,STABLE
23:06:02,BTC/USDT,76303.9,-0.0000%,STABLE
23:06:02,ETH/USDT,2256.79,0.0000%,STABLE
23:06:05,BTC/USDT,76303.91,0.0000%,STABLE
23:06:05,ETH/USDT,2256.64,-0.0066%,!! VOLATILE !!
23:06:07,BTC/USDT,76303.91,0.0000%,STABLE
23:06:08,ETH/USDT,2256.64,0.0000%,STABLE
23:06:10,BTC/USDT,76303.91,0.0000%,STABLE
23:06:10,ETH/USDT,2256.64,0.0000%,STABLE
23:06:13,BTC/USDT,76303.9,-0.0000%,STABLE
23:06:13,ETH/USDT,2256.64,0.0000%,STABLE
23:06:15,BTC/USDT,76303.91,0.0000%,STABLE
23:06:15,ETH/USDT,2256.64,0.0000%,STABLE
23:06:18,BTC/USDT,76303.91,0.0000%,STABLE
23:06:18,ETH/USDT,2256.64,0.0000%,STABLE
23:06:20,BTC/USDT,76303.91,0.0000%,STABLE
23:06:20,ETH/USDT,2256.64,0.0000%,STABLE
23:06:23,BTC/USDT,76303.91,0.0000%,STABLE
23:06:23,ETH/USDT,2256.64,0.0000%,STABLE
23:06:25,BTC/USDT,76303.91,0.0000%,STABLE
23:06:25,ETH/USDT,2256.64,0.0000%,STABLE
23:06:28,BTC/USDT,76303.91,0.0000%,STABLE
23:06:28,ETH/USDT,2256.64,0.0000%,STABLE
23:06:30,BTC/USDT,76303.91,0.0000%,STABLE
23:06:30,ETH/USDT,2256.65,0.0004%,STABLE
23:06:33,BTC/USDT,76303.91,0.0000%,STABLE
23:06:33,ETH/USDT,2256.65,0.0000%,STABLE
23:06:35,BTC/USDT,76303.91,0.0000%,STABLE
23:06:35,ETH/USDT,2256.65,0.0000%,STABLE
23:06:38,BTC/USDT,76308.41,0.0059%,!! VOLATILE !!
23:06:38,ETH/USDT,2256.65,0.0000%,STABLE
23:06:40,BTC/USDT,76313.78,0.0070%,!! VOLATILE !!
23:06:40,ETH/USDT,2256.79,0.0062%,!! VOLATILE !!
23:06:43,BTC/USDT,76313.78,0.0000%,STABLE
23:06:43,ETH/USDT,2256.86,0.0031%,STABLE
23:06:45,BTC/USDT,76323.06,0.0122%,!! VOLATILE !!
23:06:46,ETH/USDT,2256.86,0.0000%,STABLE
23:06:48,BTC/USDT,76323.06,0.0000%,STABLE
23:06:49,ETH/USDT,2256.85,-0.0004%,STABLE
23:06:51,BTC/USDT,76323.06,0.0000%,STABLE
23:06:52,ETH/USDT,2256.86,0.0004%,STABLE
23:06:54,BTC/USDT,76315.81,-0.0095%,!! VOLATILE !!
23:06:54,ETH/USDT,2256.65,-0.0093%,!! VOLATILE !!
23:06:56,BTC/USDT,76315.81,0.0000%,STABLE
23:06:57,ETH/USDT,2256.66,0.0004%,STABLE
23:06:59,BTC/USDT,76315.81,0.0000%,STABLE
23:06:59,ETH/USDT,2256.65,-0.0004%,STABLE
23:07:01,BTC/USDT,76315.82,0.0000%,STABLE
23:07:02,ETH/USDT,2256.65,0.0000%,STABLE
23:07:04,BTC/USDT,76315.82,0.0000%,STABLE
23:07:04,ETH/USDT,2256.65,0.0000%,STABLE
23:07:06,BTC/USDT,76315.82,0.0000%,STABLE
23:07:07,ETH/USDT,2256.64,-0.0004%,STABLE
23:07:09,BTC/USDT,76315.81,-0.0000%,STABLE
23:07:09,ETH/USDT,2256.63,-0.0004%,STABLE
23:07:11,BTC/USDT,76315.81,0.0000%,STABLE
23:07:12,ETH/USDT,2256.59,-0.0018%,STABLE
23:07:14,BTC/USDT,76315.82,0.0000%,STABLE
23:07:14,ETH/USDT,2256.58,-0.0004%,STABLE
23:07:16,BTC/USDT,76315.82,0.0000%,STABLE
23:07:17,ETH/USDT,2256.58,0.0000%,STABLE
23:07:19,BTC/USDT,76315.81,-0.0000%,STABLE
23:07:19,ETH/USDT,2256.58,0.0000%,STABLE
23:07:21,BTC/USDT,76310.62,-0.0068%,!! VOLATILE !!
23:07:22,ETH/USDT,2256.39,-0.0084%,!! VOLATILE !!
23:07:24,BTC/USDT,76310.62,0.0000%,STABLE
23:07:24,ETH/USDT,2256.33,-0.0027%,STABLE
23:07:26,BTC/USDT,76310.63,0.0000%,STABLE
23:07:27,ETH/USDT,2256.33,0.0000%,STABLE
23:07:29,BTC/USDT,76310.62,-0.0000%,STABLE
23:07:29,ETH/USDT,2256.33,0.0000%,STABLE
23:07:31,BTC/USDT,76310.62,0.0000%,STABLE
23:07:32,ETH/USDT,2256.33,0.0000%,STABLE
23:07:34,BTC/USDT,76310.63,0.0000%,STABLE
23:07:34,ETH/USDT,2256.32,-0.0004%,STABLE
23:07:36,BTC/USDT,76310.63,0.0000%,STABLE
23:07:37,ETH/USDT,2256.32,0.0000%,STABLE
23:07:39,BTC/USDT,76310.63,0.0000%,STABLE
23:07:39,ETH/USDT,2256.32,0.0000%,STABLE
23:07:41,BTC/USDT,76310.62,-0.0000%,STABLE
23:07:42,ETH/USDT,2256.32,0.0000%,STABLE
23:07:44,BTC/USDT,76310.63,0.0000%,STABLE
23:07:44,ETH/USDT,2256.32,0.0000%,STABLE
23:07:47,BTC/USDT,76310.62,-0.0000%,STABLE
23:07:47,ETH/USDT,2256.33,0.0004%,STABLE
23:07:49,BTC/USDT,76313.34,0.0036%,STABLE
23:07:49,ETH/USDT,2256.32,-0.0004%,STABLE
23:07:52,BTC/USDT,76313.34,0.0000%,STABLE
23:07:52,ETH/USDT,2256.33,0.0004%,STABLE
23:07:54,BTC/USDT,76313.33,-0.0000%,STABLE
23:07:54,ETH/USDT,2256.33,0.0000%,STABLE
23:07:57,BTC/USDT,76313.34,0.0000%,STABLE
23:07:57,ETH/USDT,2256.33,0.0000%,STABLE
23:07:59,BTC/USDT,76313.33,-0.0000%,STABLE
23:07:59,ETH/USDT,2256.33,0.0000%,STABLE
23:08:02,BTC/USDT,76313.34,0.0000%,STABLE
23:08:02,ETH/USDT,2256.32,-0.0004%,STABLE
23:08:04,BTC/USDT,76313.33,-0.0000%,STABLE
23:08:04,ETH/USDT,2256.32,0.0000%,STABLE
23:08:07,BTC/USDT,76313.33,0.0000%,STABLE
23:08:07,ETH/USDT,2256.32,0.0000%,STABLE
23:08:09,BTC/USDT,76313.34,0.0000%,STABLE
23:08:09,ETH/USDT,2256.32,0.0000%,STABLE
23:08:12,BTC/USDT,76313.33,-0.0000%,STABLE
23:08:12,ETH/USDT,2256.32,0.0000%,STABLE
23:08:15,BTC/USDT,76313.33,0.0000%,STABLE
23:08:15,ETH/USDT,2256.32,0.0000%,STABLE
23:08:17,BTC/USDT,76313.34,0.0000%,STABLE
23:08:17,ETH/USDT,2256.32,0.0000%,STABLE
23:08:20,BTC/USDT,76313.34,0.0000%,STABLE
23:08:20,ETH/USDT,2256.32,0.0000%,STABLE
23:08:22,BTC/USDT,76313.34,0.0000%,STABLE
23:08:22,ETH/USDT,2256.32,0.0000%,STABLE
23:08:25,BTC/USDT,76313.33,-0.0000%,STABLE
23:08:25,ETH/USDT,2256.33,0.0004%,STABLE
23:08:27,BTC/USDT,76313.33,0.0000%,STABLE
23:08:27,ETH/USDT,2256.32,-0.0004%,STABLE
23:08:30,BTC/USDT,76313.34,0.0000%,STABLE
23:08:30,ETH/USDT,2256.35,0.0013%,STABLE
23:08:32,BTC/USDT,76313.33,-0.0000%,STABLE
23:08:33,ETH/USDT,2256.35,0.0000%,STABLE
23:08:35,BTC/USDT,76313.33,0.0000%,STABLE
23:08:35,ETH/USDT,2256.35,0.0000%,STABLE
23:08:37,BTC/USDT,76313.33,0.0000%,STABLE
23:08:38,ETH/USDT,2256.35,0.0000%,STABLE
23:08:40,BTC/USDT,76313.33,0.0000%,STABLE
23:08:40,ETH/USDT,2256.35,0.0000%,STABLE
23:08:42,BTC/USDT,76313.33,0.0000%,STABLE
23:08:43,ETH/USDT,2256.34,-0.0004%,STABLE
23:08:45,BTC/USDT,76313.34,0.0000%,STABLE
23:08:45,ETH/USDT,2256.34,0.0000%,STABLE
23:08:47,BTC/USDT,76313.34,0.0000%,STABLE
23:08:48,ETH/USDT,2256.34,0.0000%,STABLE
23:08:50,BTC/USDT,76313.33,-0.0000%,STABLE
23:08:51,ETH/USDT,2256.35,0.0004%,STABLE
23:08:53,BTC/USDT,76313.33,0.0000%,STABLE
23:08:53,ETH/USDT,2256.35,0.0000%,STABLE
23:08:55,BTC/USDT,76313.34,0.0000%,STABLE
23:08:56,ETH/USDT,2256.35,0.0000%,STABLE
23:08:58,BTC/USDT,76313.33,-0.0000%,STABLE
23:08:58,ETH/USDT,2256.34,-0.0004%,STABLE
23:09:00,BTC/USDT,76313.33,0.0000%,STABLE
23:09:01,ETH/USDT,2256.34,0.0000%,STABLE
23:09:03,BTC/USDT,76313.33,0.0000%,STABLE
23:09:03,ETH/USDT,2256.34,0.0000%,STABLE
23:09:05,BTC/USDT,76313.34,0.0000%,STABLE
23:09:06,ETH/USDT,2256.34,0.0000%,STABLE
23:09:08,BTC/USDT,76313.33,-0.0000%,STABLE
23:09:08,ETH/USDT,2256.34,0.0000%,STABLE
23:09:10,BTC/USDT,76313.34,0.0000%,STABLE
23:09:11,ETH/USDT,2256.34,0.0000%,STABLE
23:09:13,BTC/USDT,76312.28,-0.0014%,STABLE
23:09:13,ETH/USDT,2256.35,0.0004%,STABLE
23:09:15,BTC/USDT,76304.05,-0.0108%,!! VOLATILE !!
23:09:16,ETH/USDT,2256.25,-0.0044%,STABLE
23:09:18,BTC/USDT,76300.98,-0.0040%,STABLE
23:09:18,ETH/USDT,2256.08,-0.0075%,!! VOLATILE !!
23:09:20,BTC/USDT,76300.98,0.0000%,STABLE
23:09:21,ETH/USDT,2256.07,-0.0004%,STABLE
23:09:23,BTC/USDT,76300.98,0.0000%,STABLE
23:09:23,ETH/USDT,2256.07,0.0000%,STABLE
23:09:25,BTC/USDT,76300.98,0.0000%,STABLE
23:09:26,ETH/USDT,2256.07,0.0000%,STABLE
23:09:28,BTC/USDT,76300.99,0.0000%,STABLE
23:09:28,ETH/USDT,2256.08,0.0004%,STABLE
23:09:30,BTC/USDT,76300.99,0.0000%,STABLE
23:09:31,ETH/USDT,2256.08,0.0000%,STABLE
23:09:33,BTC/USDT,76300.99,0.0000%,STABLE
23:09:33,ETH/USDT,2256.07,-0.0004%,STABLE
23:09:35,BTC/USDT,76295.91,-0.0067%,!! VOLATILE !!
23:09:36,ETH/USDT,2256.07,0.0000%,STABLE
23:09:38,BTC/USDT,76295.91,0.0000%,STABLE
23:09:38,ETH/USDT,2256.07,0.0000%,STABLE
23:09:40,BTC/USDT,76295.91,0.0000%,STABLE
23:09:41,ETH/USDT,2256.08,0.0004%,STABLE
23:09:43,BTC/USDT,76295.65,-0.0003%,STABLE
23:09:43,ETH/USDT,2255.96,-0.0053%,!! VOLATILE !!
23:09:45,BTC/USDT,76291.36,-0.0056%,!! VOLATILE !!
23:09:46,ETH/USDT,2255.96,0.0000%,STABLE
23:09:48,BTC/USDT,76285.53,-0.0076%,!! VOLATILE !!
23:09:48,ETH/USDT,2255.96,0.0000%,STABLE
23:09:50,BTC/USDT,76285.53,0.0000%,STABLE
23:09:51,ETH/USDT,2255.96,0.0000%,STABLE
23:09:53,BTC/USDT,76247.2,-0.0502%,!! VOLATILE !!
23:09:53,ETH/USDT,2254.95,-0.0448%,!! VOLATILE !!
23:09:55,BTC/USDT,76238.29,-0.0117%,!! VOLATILE !!
23:09:56,ETH/USDT,2254.41,-0.0239%,!! VOLATILE !!
23:09:58,BTC/USDT,76238.29,0.0000%,STABLE
23:09:58,ETH/USDT,2254.41,0.0000%,STABLE
23:10:01,BTC/USDT,76238.29,0.0000%,STABLE
23:10:01,ETH/USDT,2254.41,0.0000%,STABLE
23:10:03,BTC/USDT,76238.29,0.0000%,STABLE
23:10:03,ETH/USDT,2254.42,0.0004%,STABLE
23:10:06,BTC/USDT,76238.28,-0.0000%,STABLE
23:10:06,ETH/USDT,2254.26,-0.0071%,!! VOLATILE !!
23:10:08,BTC/USDT,76238.29,0.0000%,STABLE
23:10:08,ETH/USDT,2254.27,0.0004%,STABLE
23:10:11,BTC/USDT,76238.29,0.0000%,STABLE
23:10:11,ETH/USDT,2254.42,0.0067%,!! VOLATILE !!
23:10:13,BTC/USDT,76238.28,-0.0000%,STABLE
23:16:20,BTC/USDT,76321.41,0.0000%,STABLE
23:16:20,ETH/USDT,2257.14,0.0000%,STABLE
23:16:23,BTC/USDT,76321.41,0.0000%,STABLE
23:16:23,ETH/USDT,2257.13,-0.0004%,STABLE
23:16:25,BTC/USDT,76321.42,0.0000%,STABLE
23:16:26,ETH/USDT,2257.09,-0.0018%,STABLE
23:16:28,BTC/USDT,76321.41,-0.0000%,STABLE
23:16:28,ETH/USDT,2257.08,-0.0004%,STABLE
23:16:30,BTC/USDT,76321.41,0.0000%,STABLE
23:16:31,ETH/USDT,2257.07,-0.0004%,STABLE
23:16:33,BTC/USDT,76321.41,0.0000%,STABLE
23:16:33,ETH/USDT,2257.07,0.0000%,STABLE
23:16:35,BTC/USDT,76323.06,0.0022%,STABLE
23:16:36,ETH/USDT,2257.07,0.0000%,STABLE
23:16:38,BTC/USDT,76326.83,0.0049%,STABLE
23:16:38,ETH/USDT,2257.07,0.0000%,STABLE
23:16:40,BTC/USDT,76326.83,0.0000%,STABLE
23:16:41,ETH/USDT,2257.07,0.0000%,STABLE
23:16:43,BTC/USDT,76326.83,0.0000%,STABLE
23:16:43,ETH/USDT,2257.07,0.0000%,STABLE
23:16:45,BTC/USDT,76326.84,0.0000%,STABLE
23:16:46,ETH/USDT,2257.07,0.0000%,STABLE
23:16:48,BTC/USDT,76326.83,-0.0000%,STABLE
23:16:48,ETH/USDT,2257.07,0.0000%,STABLE
23:16:50,BTC/USDT,76326.84,0.0000%,STABLE
23:16:51,ETH/USDT,2257.07,0.0000%,STABLE
23:16:53,BTC/USDT,76326.84,0.0000%,STABLE
23:16:54,ETH/USDT,2257.07,0.0000%,STABLE
23:16:56,BTC/USDT,76326.83,-0.0000%,STABLE
23:16:56,ETH/USDT,2257.07,0.0000%,STABLE
23:16:59,BTC/USDT,76326.83,0.0000%,STABLE
23:16:59,ETH/USDT,2257.07,0.0000%,STABLE
23:17:01,BTC/USDT,76328.86,0.0027%,STABLE
23:17:01,ETH/USDT,2257.08,0.0004%,STABLE
23:17:04,BTC/USDT,76328.85,-0.0000%,STABLE
23:17:04,ETH/USDT,2257.07,-0.0004%,STABLE
23:17:06,BTC/USDT,76328.86,0.0000%,STABLE
23:17:06,ETH/USDT,2257.07,0.0000%,STABLE
23:17:09,BTC/USDT,76328.85,-0.0000%,STABLE
23:17:09,ETH/USDT,2256.73,-0.0151%,!! VOLATILE !!
23:17:11,BTC/USDT,76328.51,-0.0004%,STABLE
23:17:11,ETH/USDT,2256.73,0.0000%,STABLE
23:17:14,BTC/USDT,76328.3,-0.0003%,STABLE
23:17:14,ETH/USDT,2256.73,0.0000%,STABLE
23:17:16,BTC/USDT,76328.3,0.0000%,STABLE
23:17:16,ETH/USDT,2256.72,-0.0004%,STABLE
23:17:19,BTC/USDT,76328.3,0.0000%,STABLE
23:17:19,ETH/USDT,2256.72,0.0000%,STABLE
23:17:21,BTC/USDT,76326.84,-0.0019%,STABLE
23:17:21,ETH/USDT,2256.66,-0.0027%,STABLE
23:17:24,BTC/USDT,76322.98,-0.0051%,!! VOLATILE !!
23:17:24,ETH/USDT,2256.65,-0.0004%,STABLE
23:17:26,BTC/USDT,76328.29,0.0070%,!! VOLATILE !!
23:17:26,ETH/USDT,2256.65,0.0000%,STABLE
23:17:29,BTC/USDT,76328.29,0.0000%,STABLE
23:17:29,ETH/USDT,2256.65,0.0000%,STABLE
23:17:31,BTC/USDT,76322.99,-0.0069%,!! VOLATILE !!
23:17:31,ETH/USDT,2256.65,0.0000%,STABLE
23:17:34,BTC/USDT,76322.99,0.0000%,STABLE
23:17:34,ETH/USDT,2256.65,0.0000%,STABLE
23:17:36,BTC/USDT,76322.99,0.0000%,STABLE
23:17:36,ETH/USDT,2256.65,0.0000%,STABLE
23:17:39,BTC/USDT,76323.0,0.0000%,STABLE
23:17:39,ETH/USDT,2256.75,0.0044%,STABLE
23:17:41,BTC/USDT,76323.0,0.0000%,STABLE
23:17:41,ETH/USDT,2256.78,0.0013%,STABLE
23:17:44,BTC/USDT,76326.76,0.0049%,STABLE
23:17:44,ETH/USDT,2256.91,0.0058%,!! VOLATILE !!
23:17:46,BTC/USDT,76326.77,0.0000%,STABLE
23:17:46,ETH/USDT,2256.91,0.0000%,STABLE
23:17:49,BTC/USDT,76326.77,0.0000%,STABLE
23:17:49,ETH/USDT,2257.07,0.0071%,!! VOLATILE !!
23:17:51,BTC/USDT,76331.24,0.0059%,!! VOLATILE !!
23:17:51,ETH/USDT,2257.07,0.0000%,STABLE
23:17:54,BTC/USDT,76331.23,-0.0000%,STABLE
23:17:54,ETH/USDT,2257.08,0.0004%,STABLE
23:17:56,BTC/USDT,76331.24,0.0000%,STABLE
23:17:57,ETH/USDT,2257.08,0.0000%,STABLE
23:17:59,BTC/USDT,76325.0,-0.0082%,!! VOLATILE !!
23:17:59,ETH/USDT,2256.87,-0.0093%,!! VOLATILE !!
23:18:01,BTC/USDT,76325.0,0.0000%,STABLE
23:18:02,ETH/USDT,2256.36,-0.0226%,!! VOLATILE !!
23:18:04,BTC/USDT,76312.64,-0.0162%,!! VOLATILE !!
23:18:04,ETH/USDT,2256.23,-0.0058%,!! VOLATILE !!
23:18:06,BTC/USDT,76312.63,-0.0000%,STABLE
23:18:07,ETH/USDT,2256.23,0.0000%,STABLE
23:18:09,BTC/USDT,76312.63,0.0000%,STABLE
23:18:09,ETH/USDT,2256.23,0.0000%,STABLE
23:18:11,BTC/USDT,76312.63,0.0000%,STABLE
23:18:12,ETH/USDT,2256.23,0.0000%,STABLE
23:18:14,BTC/USDT,76312.64,0.0000%,STABLE
23:18:14,ETH/USDT,2256.16,-0.0031%,STABLE
23:18:16,BTC/USDT,76312.64,0.0000%,STABLE
23:18:17,ETH/USDT,2256.16,0.0000%,STABLE
23:18:19,BTC/USDT,76312.64,0.0000%,STABLE
23:18:19,ETH/USDT,2256.17,0.0004%,STABLE
23:18:21,BTC/USDT,76312.63,-0.0000%,STABLE
23:18:22,ETH/USDT,2256.16,-0.0004%,STABLE
23:18:24,BTC/USDT,76312.63,0.0000%,STABLE
23:18:24,ETH/USDT,2256.16,0.0000%,STABLE
23:18:26,BTC/USDT,76312.63,0.0000%,STABLE
23:18:27,ETH/USDT,2256.16,0.0000%,STABLE
23:18:29,BTC/USDT,76312.63,0.0000%,STABLE
23:18:29,ETH/USDT,2256.17,0.0004%,STABLE
23:18:31,BTC/USDT,76312.63,0.0000%,STABLE
23:18:32,ETH/USDT,2256.17,0.0000%,STABLE
23:18:34,BTC/USDT,76312.64,0.0000%,STABLE
23:18:34,ETH/USDT,2256.17,0.0000%,STABLE
23:18:36,BTC/USDT,76312.64,0.0000%,STABLE
23:18:37,ETH/USDT,2256.17,0.0000%,STABLE
23:18:39,BTC/USDT,76312.63,-0.0000%,STABLE
23:18:39,ETH/USDT,2256.17,0.0000%,STABLE
23:18:41,BTC/USDT,76317.38,0.0062%,!! VOLATILE !!
23:18:42,ETH/USDT,2256.58,0.0182%,!! VOLATILE !!
23:18:44,BTC/USDT,76317.38,0.0000%,STABLE
23:18:44,ETH/USDT,2256.58,0.0000%,STABLE
23:18:46,BTC/USDT,76317.37,-0.0000%,STABLE
23:18:47,ETH/USDT,2256.58,0.0000%,STABLE
23:18:49,BTC/USDT,76317.38,0.0000%,STABLE
23:18:49,ETH/USDT,2256.58,0.0000%,STABLE
23:18:51,BTC/USDT,76317.37,-0.0000%,STABLE
23:18:52,ETH/USDT,2256.58,0.0000%,STABLE
23:18:54,BTC/USDT,76317.38,0.0000%,STABLE
23:18:54,ETH/USDT,2256.59,0.0004%,STABLE
23:18:56,BTC/USDT,76317.37,-0.0000%,STABLE
23:18:57,ETH/USDT,2256.58,-0.0004%,STABLE
23:18:59,BTC/USDT,76317.38,0.0000%,STABLE
23:18:59,ETH/USDT,2256.58,0.0000%,STABLE
23:19:02,BTC/USDT,76317.38,0.0000%,STABLE
23:19:02,ETH/USDT,2256.58,0.0000%,STABLE
23:19:04,BTC/USDT,76323.24,0.0077%,!! VOLATILE !!
23:19:05,ETH/USDT,2256.62,0.0018%,STABLE
23:19:07,BTC/USDT,76323.25,0.0000%,STABLE
23:19:07,ETH/USDT,2256.61,-0.0004%,STABLE
23:19:10,BTC/USDT,76323.25,0.0000%,STABLE
23:19:10,ETH/USDT,2256.62,0.0004%,STABLE
23:19:12,BTC/USDT,76323.25,0.0000%,STABLE
23:19:12,ETH/USDT,2256.62,0.0000%,STABLE
23:19:15,BTC/USDT,76323.25,0.0000%,STABLE
23:19:15,ETH/USDT,2256.61,-0.0004%,STABLE
23:19:17,BTC/USDT,76323.25,0.0000%,STABLE
23:19:17,ETH/USDT,2256.61,0.0000%,STABLE
23:19:20,BTC/USDT,76323.24,-0.0000%,STABLE
23:19:20,ETH/USDT,2256.62,0.0004%,STABLE
23:19:22,BTC/USDT,76323.24,0.0000%,STABLE
23:19:22,ETH/USDT,2256.62,0.0000%,STABLE
23:19:25,BTC/USDT,76323.24,0.0000%,STABLE
23:19:25,ETH/USDT,2256.61,-0.0004%,STABLE
23:19:27,BTC/USDT,76315.6,-0.0100%,!! VOLATILE !!
23:19:27,ETH/USDT,2256.59,-0.0009%,STABLE
23:19:30,BTC/USDT,76315.6,0.0000%,STABLE
23:19:30,ETH/USDT,2256.58,-0.0004%,STABLE
23:19:32,BTC/USDT,76315.6,0.0000%,STABLE
23:19:32,ETH/USDT,2256.59,0.0004%,STABLE
23:19:35,BTC/USDT,76315.6,0.0000%,STABLE
23:19:35,ETH/USDT,2256.58,-0.0004%,STABLE
23:19:37,BTC/USDT,76315.6,0.0000%,STABLE
23:19:37,ETH/USDT,2256.58,0.0000%,STABLE
23:19:40,BTC/USDT,76315.61,0.0000%,STABLE
23:19:40,ETH/USDT,2256.59,0.0004%,STABLE
23:19:42,BTC/USDT,76315.6,-0.0000%,STABLE
23:19:42,ETH/USDT,2256.59,0.0000%,STABLE
23:19:45,BTC/USDT,76315.6,0.0000%,STABLE
23:19:45,ETH/USDT,2256.58,-0.0004%,STABLE
23:19:47,BTC/USDT,76315.61,0.0000%,STABLE
23:19:47,ETH/USDT,2256.58,0.0000%,STABLE
23:19:49,BTC/USDT,76315.61,0.0000%,STABLE
23:19:50,ETH/USDT,2256.59,0.0004%,STABLE
23:19:52,BTC/USDT,76315.61,0.0000%,STABLE
23:19:52,ETH/USDT,2256.59,0.0000%,STABLE
23:19:54,BTC/USDT,76315.6,-0.0000%,STABLE
23:19:55,ETH/USDT,2256.59,0.0000%,STABLE
23:19:57,BTC/USDT,76315.6,0.0000%,STABLE
23:19:58,ETH/USDT,2256.58,-0.0004%,STABLE
23:20:00,BTC/USDT,76315.61,0.0000%,STABLE
23:20:00,ETH/USDT,2256.59,0.0004%,STABLE
23:20:02,BTC/USDT,76315.6,-0.0000%,STABLE
23:20:03,ETH/USDT,2256.59,0.0000%,STABLE
23:20:05,BTC/USDT,76315.6,0.0000%,STABLE
23:20:05,ETH/USDT,2256.59,0.0000%,STABLE
23:20:07,BTC/USDT,76315.61,0.0000%,STABLE
23:20:08,ETH/USDT,2256.59,0.0000%,STABLE
23:20:10,BTC/USDT,76315.6,-0.0000%,STABLE
23:20:10,ETH/USDT,2256.58,-0.0004%,STABLE
23:20:12,BTC/USDT,76315.61,0.0000%,STABLE
23:20:13,ETH/USDT,2256.59,0.0004%,STABLE
23:20:15,BTC/USDT,76314.0,-0.0021%,STABLE
23:20:15,ETH/USDT,2256.59,0.0000%,STABLE
23:20:17,BTC/USDT,76314.01,0.0000%,STABLE
23:20:18,ETH/USDT,2256.59,0.0000%,STABLE
23:20:20,BTC/USDT,76314.0,-0.0000%,STABLE
23:20:21,ETH/USDT,2256.58,-0.0004%,STABLE
23:20:23,BTC/USDT,76314.01,0.0000%,STABLE
23:20:23,ETH/USDT,2256.48,-0.0044%,STABLE
23:20:25,BTC/USDT,76314.0,-0.0000%,STABLE
23:20:25,ETH/USDT,2256.48,0.0000%,STABLE
23:20:28,BTC/USDT,76314.0,0.0000%,STABLE
23:20:28,ETH/USDT,2256.48,0.0000%,STABLE
23:20:30,BTC/USDT,76308.88,-0.0067%,!! VOLATILE !!
23:20:30,ETH/USDT,2256.45,-0.0013%,STABLE
23:20:33,BTC/USDT,76290.85,-0.0236%,!! VOLATILE !!
23:20:33,ETH/USDT,2256.23,-0.0097%,!! VOLATILE !!
23:20:35,BTC/USDT,76290.86,0.0000%,STABLE
23:20:35,ETH/USDT,2256.23,0.0000%,STABLE
23:20:38,BTC/USDT,76290.86,0.0000%,STABLE
23:20:38,ETH/USDT,2256.22,-0.0004%,STABLE
23:20:40,BTC/USDT,76290.85,-0.0000%,STABLE
23:20:40,ETH/USDT,2256.2,-0.0009%,STABLE
23:20:43,BTC/USDT,76290.86,0.0000%,STABLE
23:20:43,ETH/USDT,2256.2,0.0000%,STABLE
23:20:45,BTC/USDT,76290.85,-0.0000%,STABLE
23:20:45,ETH/USDT,2256.2,0.0000%,STABLE
23:20:48,BTC/USDT,76290.86,0.0000%,STABLE
23:20:48,ETH/USDT,2256.2,0.0000%,STABLE
23:20:50,BTC/USDT,76290.85,-0.0000%,STABLE
23:20:50,ETH/USDT,2256.2,0.0000%,STABLE
23:20:53,BTC/USDT,76290.85,0.0000%,STABLE
23:20:53,ETH/USDT,2256.2,0.0000%,STABLE
23:20:55,BTC/USDT,76290.85,0.0000%,STABLE
23:20:55,ETH/USDT,2256.19,-0.0004%,STABLE
23:20:58,BTC/USDT,76290.86,0.0000%,STABLE
23:20:58,ETH/USDT,2256.2,0.0004%,STABLE
23:21:01,BTC/USDT,76290.86,0.0000%,STABLE
23:21:01,ETH/USDT,2256.2,0.0000%,STABLE
23:21:03,BTC/USDT,76297.8,0.0091%,!! VOLATILE !!
23:21:03,ETH/USDT,2256.2,0.0000%,STABLE
23:21:06,BTC/USDT,76297.8,0.0000%,STABLE
23:21:06,ETH/USDT,2256.2,0.0000%,STABLE
23:21:08,BTC/USDT,76297.8,0.0000%,STABLE
23:21:08,ETH/USDT,2256.2,0.0000%,STABLE
23:21:10,BTC/USDT,76297.79,-0.0000%,STABLE
23:21:11,ETH/USDT,2256.25,0.0022%,STABLE
23:21:13,BTC/USDT,76306.19,0.0110%,!! VOLATILE !!
23:21:13,ETH/USDT,2256.36,0.0049%,STABLE
23:21:15,BTC/USDT,76306.19,0.0000%,STABLE
23:21:16,ETH/USDT,2256.36,0.0000%,STABLE
23:21:18,BTC/USDT,76306.2,0.0000%,STABLE
23:21:18,ETH/USDT,2256.36,0.0000%,STABLE
23:21:20,BTC/USDT,76306.19,-0.0000%,STABLE
23:21:21,ETH/USDT,2256.36,0.0000%,STABLE
23:21:23,BTC/USDT,76306.2,0.0000%,STABLE
23:21:23,ETH/USDT,2256.43,0.0031%,STABLE
23:21:25,BTC/USDT,76306.2,0.0000%,STABLE
23:21:26,ETH/USDT,2256.44,0.0004%,STABLE
23:21:28,BTC/USDT,76306.2,0.0000%,STABLE
23:21:28,ETH/USDT,2256.44,0.0000%,STABLE
23:21:30,BTC/USDT,76306.2,0.0000%,STABLE
23:21:31,ETH/USDT,2256.44,0.0000%,STABLE
23:21:33,BTC/USDT,76306.2,0.0000%,STABLE
23:21:33,ETH/USDT,2256.44,0.0000%,STABLE
23:21:35,BTC/USDT,76306.19,-0.0000%,STABLE
23:21:36,ETH/USDT,2256.43,-0.0004%,STABLE
23:21:38,BTC/USDT,76306.2,0.0000%,STABLE
23:21:38,ETH/USDT,2256.43,0.0000%,STABLE
23:21:40,BTC/USDT,76306.19,-0.0000%,STABLE
23:21:41,ETH/USDT,2256.43,0.0000%,STABLE
23:21:43,BTC/USDT,76306.19,0.0000%,STABLE
23:21:43,ETH/USDT,2256.44,0.0004%,STABLE
23:21:45,BTC/USDT,76306.19,0.0000%,STABLE
23:21:46,ETH/USDT,2256.43,-0.0004%,STABLE
23:21:48,BTC/USDT,76306.2,0.0000%,STABLE
23:21:48,ETH/USDT,2256.43,0.0000%,STABLE
23:21:50,BTC/USDT,76306.19,-0.0000%,STABLE
23:21:51,ETH/USDT,2256.44,0.0004%,STABLE
23:21:53,BTC/USDT,76306.2,0.0000%,STABLE
23:21:53,ETH/USDT,2256.43,-0.0004%,STABLE
23:21:55,BTC/USDT,76306.2,0.0000%,STABLE
23:21:56,ETH/USDT,2256.43,0.0000%,STABLE
23:21:58,BTC/USDT,76306.2,0.0000%,STABLE
23:21:58,ETH/USDT,2256.43,0.0000%,STABLE
23:22:01,BTC/USDT,76306.19,-0.0000%,STABLE
23:22:01,ETH/USDT,2256.43,0.0000%,STABLE
23:22:03,BTC/USDT,76306.19,0.0000%,STABLE
23:22:03,ETH/USDT,2256.44,0.0004%,STABLE
23:22:06,BTC/USDT,76306.2,0.0000%,STABLE
23:22:06,ETH/USDT,2256.43,-0.0004%,STABLE
23:22:08,BTC/USDT,76306.2,0.0000%,STABLE
23:22:08,ETH/USDT,2256.44,0.0004%,STABLE
23:22:11,BTC/USDT,76311.52,0.0070%,!! VOLATILE !!
23:22:11,ETH/USDT,2256.48,0.0018%,STABLE
23:22:13,BTC/USDT,76311.53,0.0000%,STABLE
23:22:13,ETH/USDT,2256.47,-0.0004%,STABLE
23:22:16,BTC/USDT,76311.53,0.0000%,STABLE
23:22:16,ETH/USDT,2256.48,0.0004%,STABLE
23:22:18,BTC/USDT,76311.52,-0.0000%,STABLE
23:22:18,ETH/USDT,2256.47,-0.0004%,STABLE
23:22:21,BTC/USDT,76311.53,0.0000%,STABLE
23:22:21,ETH/USDT,2256.47,0.0000%,STABLE
23:22:23,BTC/USDT,76311.53,0.0000%,STABLE
23:22:23,ETH/USDT,2256.47,0.0000%,STABLE
23:22:26,BTC/USDT,76311.53,0.0000%,STABLE
23:22:26,ETH/USDT,2256.47,0.0000%,STABLE
23:22:28,BTC/USDT,76311.52,-0.0000%,STABLE
23:22:28,ETH/USDT,2256.48,0.0004%,STABLE
23:22:31,BTC/USDT,76311.52,0.0000%,STABLE
23:22:31,ETH/USDT,2256.48,0.0000%,STABLE
23:22:33,BTC/USDT,76311.52,0.0000%,STABLE
23:22:33,ETH/USDT,2256.48,0.0000%,STABLE
23:22:36,BTC/USDT,76311.53,0.0000%,STABLE
23:22:36,ETH/USDT,2256.48,0.0000%,STABLE
23:22:38,BTC/USDT,76311.53,0.0000%,STABLE
23:22:38,ETH/USDT,2256.48,0.0000%,STABLE
23:22:41,BTC/USDT,76311.52,-0.0000%,STABLE
23:22:41,ETH/USDT,2256.47,-0.0004%,STABLE
23:22:43,BTC/USDT,76311.52,0.0000%,STABLE
23:22:43,ETH/USDT,2256.47,0.0000%,STABLE
23:22:46,BTC/USDT,76311.52,0.0000%,STABLE
23:22:46,ETH/USDT,2256.36,-0.0049%,STABLE
23:22:48,BTC/USDT,76311.53,0.0000%,STABLE
23:22:48,ETH/USDT,2256.36,0.0000%,STABLE
23:22:51,BTC/USDT,76311.53,0.0000%,STABLE
23:22:51,ETH/USDT,2256.35,-0.0004%,STABLE
23:22:53,BTC/USDT,76311.53,0.0000%,STABLE
23:22:53,ETH/USDT,2256.35,0.0000%,STABLE
23:22:55,BTC/USDT,76311.52,-0.0000%,STABLE
23:22:56,ETH/USDT,2256.36,0.0004%,STABLE
23:22:58,BTC/USDT,76311.52,0.0000%,STABLE
23:22:58,ETH/USDT,2256.36,0.0000%,STABLE
23:23:00,BTC/USDT,76311.52,0.0000%,STABLE
23:23:01,ETH/USDT,2256.36,0.0000%,STABLE
23:23:03,BTC/USDT,76311.52,0.0000%,STABLE
23:23:04,ETH/USDT,2256.36,0.0000%,STABLE
23:23:06,BTC/USDT,76311.53,0.0000%,STABLE
23:23:06,ETH/USDT,2256.36,0.0000%,STABLE
23:23:08,BTC/USDT,76311.52,-0.0000%,STABLE
23:23:09,ETH/USDT,2256.36,0.0000%,STABLE
23:23:11,BTC/USDT,76311.53,0.0000%,STABLE
23:23:11,ETH/USDT,2256.36,0.0000%,STABLE
23:23:13,BTC/USDT,76311.52,-0.0000%,STABLE
23:23:14,ETH/USDT,2256.35,-0.0004%,STABLE
23:23:16,BTC/USDT,76311.52,0.0000%,STABLE
23:23:16,ETH/USDT,2256.36,0.0004%,STABLE
23:23:18,BTC/USDT,76311.52,0.0000%,STABLE
23:23:19,ETH/USDT,2256.36,0.0000%,STABLE
23:23:21,BTC/USDT,76311.53,0.0000%,STABLE
23:23:21,ETH/USDT,2256.36,0.0000%,STABLE
23:23:23,BTC/USDT,76311.52,-0.0000%,STABLE
23:23:24,ETH/USDT,2256.35,-0.0004%,STABLE
23:23:26,BTC/USDT,76311.53,0.0000%,STABLE
23:23:26,ETH/USDT,2256.35,0.0000%,STABLE
23:23:28,BTC/USDT,76311.52,-0.0000%,STABLE
23:23:29,ETH/USDT,2256.35,0.0000%,STABLE
23:23:31,BTC/USDT,76311.52,0.0000%,STABLE
23:23:31,ETH/USDT,2256.36,0.0004%,STABLE
23:23:33,BTC/USDT,76311.52,0.0000%,STABLE
23:23:34,ETH/USDT,2256.36,0.0000%,STABLE
23:23:36,BTC/USDT,76311.53,0.0000%,STABLE
23:23:36,ETH/USDT,2256.36,0.0000%,STABLE
23:23:38,BTC/USDT,76311.53,0.0000%,STABLE
23:23:39,ETH/USDT,2256.36,0.0000%,STABLE
23:23:41,BTC/USDT,76312.48,0.0012%,STABLE
23:23:41,ETH/USDT,2256.4,0.0018%,STABLE
23:23:43,BTC/USDT,76312.48,0.0000%,STABLE
23:23:44,ETH/USDT,2256.41,0.0004%,STABLE
23:23:46,BTC/USDT,76312.47,-0.0000%,STABLE
23:23:46,ETH/USDT,2256.41,0.0000%,STABLE
23:23:48,BTC/USDT,76312.48,0.0000%,STABLE
23:23:49,ETH/USDT,2256.41,0.0000%,STABLE
23:23:51,BTC/USDT,76312.47,-0.0000%,STABLE
23:23:51,ETH/USDT,2256.41,0.0000%,STABLE
23:23:53,BTC/USDT,76312.48,0.0000%,STABLE
23:23:54,ETH/USDT,2256.41,0.0000%,STABLE
23:23:56,BTC/USDT,76312.48,0.0000%,STABLE
23:23:56,ETH/USDT,2256.41,0.0000%,STABLE
23:25:41,BTC/USDT,76301.21,0.0000%,STABLE
23:25:41,ETH/USDT,2256.08,0.0000%,STABLE
23:25:43,BTC/USDT,76301.22,0.0000%,STABLE
23:25:44,ETH/USDT,2256.07,-0.0004%,STABLE
23:25:46,BTC/USDT,76301.22,0.0000%,STABLE
23:25:46,ETH/USDT,2256.07,0.0000%,STABLE
23:25:48,BTC/USDT,76301.22,0.0000%,STABLE
23:25:49,ETH/USDT,2256.08,0.0004%,STABLE
23:25:51,BTC/USDT,76301.22,0.0000%,STABLE
23:25:51,ETH/USDT,2256.07,-0.0004%,STABLE
23:25:53,BTC/USDT,76301.21,-0.0000%,STABLE
23:25:54,ETH/USDT,2256.08,0.0004%,STABLE
23:25:56,BTC/USDT,76301.21,0.0000%,STABLE
23:25:56,ETH/USDT,2256.07,-0.0004%,STABLE
23:25:58,BTC/USDT,76301.22,0.0000%,STABLE
23:25:59,ETH/USDT,2256.07,0.0000%,STABLE
23:26:01,BTC/USDT,76301.21,-0.0000%,STABLE
23:26:01,ETH/USDT,2256.07,0.0000%,STABLE
23:26:03,BTC/USDT,76301.21,0.0000%,STABLE
23:26:04,ETH/USDT,2256.08,0.0004%,STABLE
23:26:06,BTC/USDT,76301.21,0.0000%,STABLE
23:26:06,ETH/USDT,2256.08,0.0000%,STABLE
23:26:08,BTC/USDT,76301.21,0.0000%,STABLE
23:26:09,ETH/USDT,2256.08,0.0000%,STABLE
23:26:11,BTC/USDT,76301.21,0.0000%,STABLE
23:26:11,ETH/USDT,2256.08,0.0000%,STABLE
23:26:13,BTC/USDT,76301.22,0.0000%,STABLE
23:26:14,ETH/USDT,2256.08,0.0000%,STABLE
23:26:16,BTC/USDT,76301.22,0.0000%,STABLE
23:26:16,ETH/USDT,2256.08,0.0000%,STABLE
23:26:18,BTC/USDT,76301.22,0.0000%,STABLE
23:26:19,ETH/USDT,2256.01,-0.0031%,STABLE
23:26:21,BTC/USDT,76301.22,0.0000%,STABLE
23:26:21,ETH/USDT,2256.01,0.0000%,STABLE
23:26:23,BTC/USDT,76301.22,0.0000%,STABLE
23:26:24,ETH/USDT,2256.01,0.0000%,STABLE
23:26:26,BTC/USDT,76295.0,-0.0082%,!! VOLATILE !!
23:26:26,ETH/USDT,2255.74,-0.0120%,!! VOLATILE !!
23:26:28,BTC/USDT,76295.01,0.0000%,STABLE
23:26:28,ETH/USDT,2255.74,0.0000%,STABLE
23:26:31,BTC/USDT,76296.41,0.0018%,STABLE
23:26:31,ETH/USDT,2255.73,-0.0004%,STABLE
23:26:33,BTC/USDT,76296.4,-0.0000%,STABLE
23:26:33,ETH/USDT,2255.73,0.0000%,STABLE
23:26:36,BTC/USDT,76296.4,0.0000%,STABLE
23:26:36,ETH/USDT,2255.73,0.0000%,STABLE
23:26:38,BTC/USDT,76296.41,0.0000%,STABLE
23:26:38,ETH/USDT,2255.86,0.0058%,!! VOLATILE !!
23:26:41,BTC/USDT,76296.4,-0.0000%,STABLE
23:26:41,ETH/USDT,2255.86,0.0000%,STABLE
23:26:43,BTC/USDT,76296.41,0.0000%,STABLE
23:26:43,ETH/USDT,2255.86,0.0000%,STABLE
23:26:46,BTC/USDT,76296.41,0.0000%,STABLE
23:26:46,ETH/USDT,2255.85,-0.0004%,STABLE
23:26:48,BTC/USDT,76296.41,0.0000%,STABLE
23:26:48,ETH/USDT,2255.85,0.0000%,STABLE
23:26:51,BTC/USDT,76296.41,0.0000%,STABLE
23:26:51,ETH/USDT,2255.86,0.0004%,STABLE
23:26:53,BTC/USDT,76296.41,0.0000%,STABLE
23:26:53,ETH/USDT,2255.85,-0.0004%,STABLE
23:26:56,BTC/USDT,76297.4,0.0013%,STABLE
23:26:56,ETH/USDT,2255.86,0.0004%,STABLE
23:26:58,BTC/USDT,76297.4,0.0000%,STABLE
23:26:58,ETH/USDT,2255.86,0.0000%,STABLE
23:27:01,BTC/USDT,76297.4,0.0000%,STABLE
23:27:01,ETH/USDT,2255.86,0.0000%,STABLE
23:27:04,BTC/USDT,76297.41,0.0000%,STABLE
23:27:04,ETH/USDT,2255.85,-0.0004%,STABLE
23:27:07,BTC/USDT,76297.4,-0.0000%,STABLE
23:27:07,ETH/USDT,2255.85,0.0000%,STABLE
23:27:09,BTC/USDT,76297.4,0.0000%,STABLE
23:27:09,ETH/USDT,2255.86,0.0004%,STABLE
23:27:11,BTC/USDT,76297.4,0.0000%,STABLE
23:27:12,ETH/USDT,2255.85,-0.0004%,STABLE
23:27:14,BTC/USDT,76297.4,0.0000%,STABLE
23:27:14,ETH/USDT,2255.85,0.0000%,STABLE
23:27:16,BTC/USDT,76297.41,0.0000%,STABLE
23:27:17,ETH/USDT,2255.85,0.0000%,STABLE
23:27:19,BTC/USDT,76297.41,0.0000%,STABLE
23:27:19,ETH/USDT,2255.85,0.0000%,STABLE
23:27:21,BTC/USDT,76297.41,0.0000%,STABLE
23:27:22,ETH/USDT,2255.86,0.0004%,STABLE
23:27:24,BTC/USDT,76297.41,0.0000%,STABLE
23:27:24,ETH/USDT,2255.86,0.0000%,STABLE
23:27:26,BTC/USDT,76297.41,0.0000%,STABLE
23:27:27,ETH/USDT,2255.86,0.0000%,STABLE
23:27:29,BTC/USDT,76297.4,-0.0000%,STABLE
23:27:29,ETH/USDT,2255.86,0.0000%,STABLE
23:27:31,BTC/USDT,76297.41,0.0000%,STABLE
23:27:32,ETH/USDT,2255.85,-0.0004%,STABLE
23:28:08,BTC/USDT,76299.92,0.0000%,STABLE
23:28:09,ETH/USDT,2255.82,0.0000%,STABLE
23:28:11,BTC/USDT,76299.93,0.0000%,STABLE
23:28:11,ETH/USDT,2255.82,0.0000%,STABLE
23:28:13,BTC/USDT,76299.93,0.0000%,STABLE
23:28:14,ETH/USDT,2255.81,-0.0004%,!! VOLATILE !!
23:28:16,BTC/USDT,76299.92,-0.0000%,STABLE
23:28:16,ETH/USDT,2255.82,0.0004%,!! VOLATILE !!
23:28:18,BTC/USDT,76299.93,0.0000%,STABLE
23:28:19,ETH/USDT,2255.82,0.0000%,STABLE
23:28:21,BTC/USDT,76299.93,0.0000%,STABLE
23:28:21,ETH/USDT,2255.82,0.0000%,STABLE
23:28:24,BTC/USDT,76299.93,0.0000%,STABLE
23:28:24,ETH/USDT,2255.82,0.0000%,STABLE
23:28:26,BTC/USDT,76299.93,0.0000%,STABLE
23:28:27,ETH/USDT,2255.81,-0.0004%,!! VOLATILE !!
23:28:29,BTC/USDT,76299.93,0.0000%,STABLE
23:28:29,ETH/USDT,2255.81,0.0000%,STABLE
23:28:31,BTC/USDT,76299.93,0.0000%,STABLE
23:28:32,ETH/USDT,2255.82,0.0004%,!! VOLATILE !!
23:28:34,BTC/USDT,76299.92,-0.0000%,STABLE
23:28:34,ETH/USDT,2255.82,0.0000%,STABLE
23:28:36,BTC/USDT,76299.93,0.0000%,STABLE
23:28:37,ETH/USDT,2255.82,0.0000%,STABLE
23:28:39,BTC/USDT,76299.92,-0.0000%,STABLE
23:28:39,ETH/USDT,2255.82,0.0000%,STABLE
23:28:41,BTC/USDT,76299.92,0.0000%,STABLE
23:28:41,ETH/USDT,2255.82,0.0000%,STABLE
23:28:44,BTC/USDT,76299.93,0.0000%,STABLE
23:28:44,ETH/USDT,2255.81,-0.0004%,!! VOLATILE !!
23:28:46,BTC/USDT,76299.92,-0.0000%,STABLE
23:28:46,ETH/USDT,2255.81,0.0000%,STABLE
23:28:49,BTC/USDT,76299.93,0.0000%,STABLE
23:28:49,ETH/USDT,2255.81,0.0000%,STABLE
23:28:51,BTC/USDT,76299.93,0.0000%,STABLE
23:28:51,ETH/USDT,2255.82,0.0004%,!! VOLATILE !!
23:28:54,BTC/USDT,76303.68,0.0049%,!! VOLATILE !!
23:28:54,ETH/USDT,2255.95,0.0058%,!! VOLATILE !!
23:28:56,BTC/USDT,76304.79,0.0015%,!! VOLATILE !!
23:28:56,ETH/USDT,2255.95,0.0000%,STABLE
23:28:59,BTC/USDT,76304.79,0.0000%,STABLE
23:28:59,ETH/USDT,2255.96,0.0004%,!! VOLATILE !!
23:29:01,BTC/USDT,76304.79,0.0000%,STABLE
23:29:01,ETH/USDT,2255.96,0.0000%,STABLE
23:29:04,BTC/USDT,76305.99,0.0016%,!! VOLATILE !!
23:29:04,ETH/USDT,2255.96,0.0000%,STABLE
23:29:07,BTC/USDT,76305.99,0.0000%,STABLE
23:29:07,ETH/USDT,2255.96,0.0000%,STABLE
23:29:09,BTC/USDT,76306.0,0.0000%,STABLE
23:29:09,ETH/USDT,2255.96,0.0000%,STABLE
23:29:12,BTC/USDT,76306.0,0.0000%,STABLE
23:29:12,ETH/USDT,2255.96,0.0000%,STABLE
23:29:14,BTC/USDT,76305.99,-0.0000%,STABLE
23:29:14,ETH/USDT,2255.96,0.0000%,STABLE
23:29:17,BTC/USDT,76306.0,0.0000%,STABLE
23:29:17,ETH/USDT,2255.96,0.0000%,STABLE
23:29:19,BTC/USDT,76307.6,0.0021%,!! VOLATILE !!
23:29:19,ETH/USDT,2255.96,0.0000%,STABLE
23:29:22,BTC/USDT,76307.6,0.0000%,STABLE
23:29:22,ETH/USDT,2255.96,0.0000%,STABLE
23:29:24,BTC/USDT,76307.61,0.0000%,STABLE
23:29:24,ETH/USDT,2255.95,-0.0004%,!! VOLATILE !!
23:29:27,BTC/USDT,76307.61,0.0000%,STABLE
23:29:27,ETH/USDT,2255.96,0.0004%,!! VOLATILE !!
23:29:29,BTC/USDT,76307.6,-0.0000%,STABLE
23:29:30,ETH/USDT,2255.95,-0.0004%,!! VOLATILE !!
23:29:32,BTC/USDT,76307.61,0.0000%,STABLE
23:29:32,ETH/USDT,2255.95,0.0000%,STABLE
23:29:34,BTC/USDT,76307.61,0.0000%,STABLE
23:29:35,ETH/USDT,2255.95,0.0000%,STABLE
23:29:37,BTC/USDT,76317.84,0.0134%,!! VOLATILE !!
23:29:37,ETH/USDT,2255.95,0.0000%,STABLE
23:29:39,BTC/USDT,76320.84,0.0039%,!! VOLATILE !!
23:29:40,ETH/USDT,2256.19,0.0106%,!! VOLATILE !!
23:29:42,BTC/USDT,76331.63,0.0141%,!! VOLATILE !!
23:29:42,ETH/USDT,2256.19,0.0000%,STABLE
23:29:44,BTC/USDT,76331.63,0.0000%,STABLE
23:29:45,ETH/USDT,2256.19,0.0000%,STABLE
23:29:47,BTC/USDT,76331.64,0.0000%,STABLE
23:29:47,ETH/USDT,2256.32,0.0058%,!! VOLATILE !!
23:29:49,BTC/USDT,76331.63,-0.0000%,STABLE
23:29:50,ETH/USDT,2256.32,0.0000%,STABLE
23:29:52,BTC/USDT,76334.71,0.0040%,!! VOLATILE !!
23:29:52,ETH/USDT,2256.33,0.0004%,!! VOLATILE !!
23:29:54,BTC/USDT,76334.72,0.0000%,STABLE
23:29:55,ETH/USDT,2256.32,-0.0004%,!! VOLATILE !!
23:29:57,BTC/USDT,76334.71,-0.0000%,STABLE
23:29:57,ETH/USDT,2256.32,0.0000%,STABLE
23:29:59,BTC/USDT,76334.71,0.0000%,STABLE
23:30:00,ETH/USDT,2256.32,0.0000%,STABLE
23:30:02,BTC/USDT,76334.72,0.0000%,STABLE
23:30:02,ETH/USDT,2256.5,0.0080%,!! VOLATILE !!
23:30:04,BTC/USDT,76339.09,0.0057%,!! VOLATILE !!
23:30:05,ETH/USDT,2256.61,0.0049%,!! VOLATILE !!
23:30:07,BTC/USDT,76327.97,-0.0146%,!! VOLATILE !!
23:30:22,BTC/USDT,76330.81,0.0000%,STABLE
23:30:23,ETH/USDT,2256.4,0.0000%,STABLE
23:30:25,BTC/USDT,76330.82,0.0000%,STABLE
23:30:25,ETH/USDT,2256.39,-0.0004%,STABLE
23:30:27,BTC/USDT,76336.14,0.0070%,!! VOLATILE !!
23:30:28,ETH/USDT,2256.4,0.0004%,STABLE
23:30:30,BTC/USDT,76339.3,0.0041%,STABLE
23:30:30,ETH/USDT,2256.51,0.0049%,STABLE
23:30:32,BTC/USDT,76339.31,0.0000%,STABLE
23:30:33,ETH/USDT,2256.5,-0.0004%,STABLE
23:30:35,BTC/USDT,76339.31,0.0000%,STABLE
23:30:35,ETH/USDT,2256.61,0.0049%,STABLE
23:30:37,BTC/USDT,76339.31,0.0000%,STABLE
23:30:38,ETH/USDT,2256.61,0.0000%,STABLE
23:30:40,BTC/USDT,76339.3,-0.0000%,STABLE
23:30:40,ETH/USDT,2256.61,0.0000%,STABLE
23:30:42,BTC/USDT,76339.3,0.0000%,STABLE
23:30:43,ETH/USDT,2256.63,0.0009%,STABLE
23:30:45,BTC/USDT,76341.25,0.0026%,STABLE
23:30:45,ETH/USDT,2256.64,0.0004%,STABLE
23:30:47,BTC/USDT,76341.25,0.0000%,STABLE
23:30:48,ETH/USDT,2256.63,-0.0004%,STABLE
23:30:50,BTC/USDT,76343.34,0.0027%,STABLE
23:30:50,ETH/USDT,2256.95,0.0142%,!! VOLATILE !!
23:30:52,BTC/USDT,76350.12,0.0089%,!! VOLATILE !!
23:30:53,ETH/USDT,2256.95,0.0000%,STABLE
23:30:55,BTC/USDT,76350.13,0.0000%,STABLE
23:30:55,ETH/USDT,2256.95,0.0000%,STABLE
23:30:57,BTC/USDT,76350.12,-0.0000%,STABLE
23:30:57,ETH/USDT,2256.95,0.0000%,STABLE
23:31:00,BTC/USDT,76350.12,0.0000%,STABLE
23:31:00,ETH/USDT,2256.95,0.0000%,STABLE
23:31:02,BTC/USDT,76350.12,0.0000%,STABLE
23:31:02,ETH/USDT,2256.95,0.0000%,STABLE
23:31:05,BTC/USDT,76351.89,0.0023%,STABLE
23:31:05,ETH/USDT,2257.08,0.0058%,!! VOLATILE !!
23:31:07,BTC/USDT,76351.89,0.0000%,STABLE
23:31:07,ETH/USDT,2257.08,0.0000%,STABLE
23:31:10,BTC/USDT,76351.89,0.0000%,STABLE
23:31:10,ETH/USDT,2257.08,0.0000%,STABLE
23:31:44,BTC/USDT,76343.17,0.0000%,STABLE
23:31:44,ETH/USDT,2257.11,0.0000%,STABLE
23:31:47,BTC/USDT,76327.96,-0.0199%,!! VOLATILE !!
23:31:47,ETH/USDT,2256.77,-0.0151%,!! VOLATILE !!
23:31:49,BTC/USDT,76327.97,0.0000%,STABLE
23:31:49,ETH/USDT,2256.76,-0.0004%,STABLE
23:31:52,BTC/USDT,76327.96,-0.0000%,STABLE
23:31:52,ETH/USDT,2256.76,0.0000%,STABLE
23:31:54,BTC/USDT,76327.96,0.0000%,STABLE
23:31:54,ETH/USDT,2256.76,0.0000%,STABLE
23:31:57,BTC/USDT,76327.96,0.0000%,STABLE
23:31:57,ETH/USDT,2256.76,0.0000%,STABLE
23:31:59,BTC/USDT,76327.96,0.0000%,STABLE
23:31:59,ETH/USDT,2256.75,-0.0004%,STABLE
23:32:01,BTC/USDT,76327.96,0.0000%,STABLE
23:32:02,ETH/USDT,2256.76,0.0004%,STABLE
23:32:04,BTC/USDT,76327.96,0.0000%,STABLE
23:32:04,ETH/USDT,2256.76,0.0000%,STABLE
23:32:06,BTC/USDT,76327.97,0.0000%,STABLE
23:32:07,ETH/USDT,2256.75,-0.0004%,STABLE
23:32:09,BTC/USDT,76327.97,0.0000%,STABLE
23:32:10,ETH/USDT,2256.75,0.0000%,STABLE
23:32:12,BTC/USDT,76327.96,-0.0000%,STABLE
23:32:12,ETH/USDT,2256.75,0.0000%,STABLE
23:32:14,BTC/USDT,76327.96,0.0000%,STABLE
23:32:15,ETH/USDT,2256.76,0.0004%,STABLE
23:32:17,BTC/USDT,76327.96,0.0000%,STABLE
23:32:17,ETH/USDT,2256.75,-0.0004%,STABLE
23:32:19,BTC/USDT,76327.97,0.0000%,STABLE
23:32:20,ETH/USDT,2256.75,0.0000%,STABLE
23:32:22,BTC/USDT,76327.97,0.0000%,STABLE
23:32:22,ETH/USDT,2256.75,0.0000%,STABLE
23:32:24,BTC/USDT,76327.96,-0.0000%,STABLE
